{"Adventure": 66.10958904109589, "Sports": 70.52521008403362, "Role-Playing (RPG)": 70.14285714285714, "Action": 68.1027397260274, "Strategy": 70.43396226415095, "Racing / Driving": 69.46206896551725, "Simulation": 71.57758620689656, "Educational": 68.14285714285714}